{"year_month":"2020-03","max_confirmed":2311,"max_deaths":33,"max_vaccinated":0,"avg_stringency":56.62249999999998}
{"year_month":"2020-04","max_confirmed":12877,"max_deaths":644,"max_vaccinated":0,"avg_stringency":84.19699999999996}
{"year_month":"2020-05","max_confirmed":23786,"max_deaths":1064,"max_vaccinated":0,"avg_stringency":81.53838709677419}
{"year_month":"2020-06","max_confirmed":34393,"max_deaths":1463,"max_vaccinated":0,"avg_stringency":57.77766666666668}
{"year_month":"2020-07","max_confirmed":45688,"max_deaths":1716,"max_vaccinated":0,"avg_stringency":42.67967741935481}
{"year_month":"2020-08","max_confirmed":67372,"max_deaths":2039,"max_vaccinated":0,"avg_stringency":39.80999999999997}
{"year_month":"2020-09","max_confirmed":91514,"max_deaths":2513,"max_vaccinated":0,"avg_stringency":30.493999999999993}
{"year_month":"2020-10","max_confirmed":362731,"max_deaths":5631,"max_vaccinated":0,"avg_stringency":43.088064516129016}
{"year_month":"2020-11","max_confirmed":990811,"max_deaths":17150,"max_vaccinated":0,"avg_stringency":74.26}
{"year_month":"2020-12","max_confirmed":1294878,"max_deaths":28554,"max_vaccinated":47600,"avg_stringency":75.17935483870967}
{"year_month":"2021-01","max_confirmed":1513385,"max_deaths":37180,"max_vaccinated":976367,"avg_stringency":73.5083870967742}
{"year_month":"2021-02","max_confirmed":1706986,"max_deaths":43769,"max_vaccinated":2149607,"avg_stringency":71.43214285714284}
{"year_month":"2021-03","max_confirmed":2321717,"max_deaths":53045,"max_vaccinated":4231313,"avg_stringency":72.0432258064516}
{"year_month":"2021-04","max_confirmed":2792142,"max_deaths":67502,"max_vaccinated":8597875,"avg_stringency":74.13766666666669}
{"year_month":"2021-05","max_confirmed":2872283,"max_deaths":73745,"max_vaccinated":13707350,"avg_stringency":63.80032258064515}
{"year_month":"2021-06","max_confirmed":2879912,"max_deaths":75021,"max_vaccinated":16890799,"avg_stringency":52.620000000000026}
{"year_month":"2021-07","max_confirmed":2882939,"max_deaths":75261,"max_vaccinated":18332060,"avg_stringency":43.54483870967746}
{"year_month":"2021-08","max_confirmed":2888670,"max_deaths":75345,"max_vaccinated":19284686,"avg_stringency":38.89000000000001}
{"year_month":"2021-09","max_confirmed":2907071,"max_deaths":75650,"max_vaccinated":19813605,"avg_stringency":38.89}
{"year_month":"2021-10","max_confirmed":3025247,"max_deaths":76999,"max_vaccinated":20248449,"avg_stringency":38.89000000000001}
{"year_month":"2021-11","max_confirmed":3540061,"max_deaths":83583,"max_vaccinated":20829997,"avg_stringency":41.76233333333334}
{"year_month":"2021-12","max_confirmed":4108215,"max_deaths":97054,"max_vaccinated":21673668,"avg_stringency":47.54838709677418}
{"year_month":"2022-01","max_confirmed":4886154,"max_deaths":105194,"max_vaccinated":22320403,"avg_stringency":45.36870967741937}
{"year_month":"2022-02","max_confirmed":5667054,"max_deaths":111317,"max_vaccinated":22519535,"avg_stringency":44.31285714285715}
{"year_month":"2022-03","max_confirmed":5962931,"max_deaths":115173,"max_vaccinated":22589179,"avg_stringency":22.87516129032258}
{"year_month":"2022-04","max_confirmed":5996514,"max_deaths":116059,"max_vaccinated":22670819,"avg_stringency":14.81}
{"year_month":"2022-05","max_confirmed":6007584,"max_deaths":116318,"max_vaccinated":22722506,"avg_stringency":14.81}
{"year_month":"2022-06","max_confirmed":6014992,"max_deaths":116424,"max_vaccinated":22735503,"avg_stringency":14.81}
{"year_month":"2022-07","max_confirmed":6069665,"max_deaths":116570,"max_vaccinated":22749710,"avg_stringency":14.81}
{"year_month":"2022-08","max_confirmed":6176885,"max_deaths":117093,"max_vaccinated":22770061,"avg_stringency":12.303548387096772}
{"year_month":"2022-09","max_confirmed":6293558,"max_deaths":117569,"max_vaccinated":22786886,"avg_stringency":9.259999999999996}
{"year_month":"2022-10","max_confirmed":6340435,"max_deaths":118124,"max_vaccinated":22805660,"avg_stringency":9.259999999999996}
{"year_month":"2022-11","max_confirmed":6352755,"max_deaths":118319,"max_vaccinated":22828015,"avg_stringency":9.259999999999996}
{"year_month":"2022-12","max_confirmed":6368479,"max_deaths":118533,"max_vaccinated":22850777,"avg_stringency":9.259999999999996}
{"year_month":"2023-01","max_confirmed":6379391,"max_deaths":118727,"max_vaccinated":22867577,"avg_stringency":0.0}
{"year_month":"2023-02","max_confirmed":6419480,"max_deaths":118884,"max_vaccinated":22870409,"avg_stringency":0.0}
{"year_month":"2023-03","max_confirmed":6444960,"max_deaths":119010,"max_vaccinated":22870929,"avg_stringency":0.0}
